Workbook

Sheet GIÁ VỐN
A1: BẢNG CHI PHÍ
A2: STT | B2: TÊN CÀ | C2: GIÁ NHẬP | D2: GIÁ SAU RANG | E2: RANG GIA CÔNG | F2: THÀNH PHẨM | H2: BAO BÌ | I2: ĐÓNG GÓI | J2: ẤN PHẨM KÈM | K2: TỔNG CHI PHÍ
B3: ĐVT | C3: KG | D3: KG | E3: KG | F3: TÚI | G3: SAMPLE | H3: TÚI | I3: CÁI | J3: TÚI | K3: TÚI
A4: 1 | B4: ROBUSTA NATURAL | C4: 130000 | D4: =C4/1000*1200 -> 156000 | E4: 15000 | F4: =(D4+E4)/4 -> 42750 | G4: 0 | H4: 12000 | I4: 20000 | J4: 3000 | K4: =F4+H4+I4+J4 -> 77750 | L4: =K4*4 -> 311000
A5: 2 | B5: ROBUSTA HONEY | C5: 200000 | D5: =C5/1000*1200 -> 240000 | E5: 15000 | F5: =(D5+E5)/4 -> 63750 | G5: 0 | H5: 12000 | I5: 20000 | J5: 3000 | K5: =F5+H5+I5+J5 -> 98750 | L5: =K5*4 -> 395000
A6: 3 | B6: ARABICA VN | C6: 230000 | D6: =C6/1000*1200 -> 276000 | E6: 15000 | F6: =(D6+E6)/4 -> 72750 | G6: 0 | H6: 12000 | I6: 20000 | J6: 3000 | K6: =F6+H6+I6+J6 -> 107750 | L6: =K6*4 -> 431000
A7: 4 | B7: ETHIOPIA YIRGACHEFFE | C7: 490000 | D7: =C7/1000*1200 -> 588000 | E7: 40000 | F7: =(D7+E7)/4 -> 157000 | G7: =((D7+E7)/1000*20)+10000+J7 -> 25560 | H7: 12000 | I7: 20000 | J7: 3000 | K7: =F7+H7+I7+J7 -> 192000 | L7: =K7*4 -> 768000
A8: 5 | B8: ETHIOPIA GUJI | C8: 600000 | D8: =C8/1000*1200 -> 720000 | E8: 40000 | F8: =(D8+E8)/4 -> 190000 | G8: =((D8+E8)/1000*20)+10000+J8 -> 28200 | H8: 12000 | I8: 20000 | J8: 3000 | K8: =F8+H8+I8+J8 -> 225000 | L8: =K8*4 -> 900000
A9: 6 | B9: BRAZIL | C9: 270000 | D9: =C9/1000*1200 -> 324000 | E9: 40000 | F9: =(D9+E9)/4 -> 91000 | G9: =((D9+E9)/1000*20)+10000+J9 -> 20280 | H9: 12000 | I9: 20000 | J9: 3000 | K9: =F9+H9+I9+J9 -> 126000 | L9: =K9*4 -> 504000
A10: 7 | B10: PERU | C10: 290000 | D10: =C10/1000*1200 -> 348000 | E10: 40000 | F10: =(D10+E10)/4 -> 97000 | G10: =((D10+E10)/1000*20)+10000+J10 -> 20760 | H10: 12000 | I10: 20000 | J10: 3000 | K10: =F10+H10+I10+J10 -> 132000 | L10: =K10*4 -> 528000
A11: 8 | B11: SWEET LOVE | C11: =(C10+C5)/2 -> 245000 | D11: =C11/1000*1200 -> 294000 | E11: 40000 | F11: =(D11+E11)/4 -> 83500 | G11: 0 | H11: 12000 | I11: 20000 | J11: 3000 | K11: =F11+H11+I11+J11 -> 118500 | L11: =K11*4 -> 474000
A12: 9 | B12: DAILY MUSE | C12: =(C5+C6)/2 -> 215000 | D12: =C12/1000*1200 -> 258000 | E12: 40000 | F12: =(D12+E12)/4 -> 74500 | G12: 0 | H12: 12000 | I12: 20000 | J12: 3000 | K12: =F12+H12+I12+J12 -> 109500 | L12: =K12*4 -> 438000
A13: 10 | B13: COZY | C13: =(C9+C5)/2 -> 235000 | D13: =C13/1000*1200 -> 282000 | E13: 40000 | F13: =(D13+E13)/4 -> 80500 | G13: 0 | H13: 12000 | I13: 20000 | J13: 3000 | K13: =F13+H13+I13+J13 -> 115500 | L13: =K13*4 -> 462000
A14: 11 | B14: GENTLE BREW | C14: =(C9+C10)/2 -> 280000 | D14: =C14/1000*1200 -> 336000 | E14: 40000 | F14: =(D14+E14)/4 -> 94000 | G14: 0 | H14: 12000 | I14: 20000 | J14: 3000 | K14: =F14+H14+I14+J14 -> 129000 | L14: =K14*4 -> 516000
A15: 12 | B15: PERU GESHA | C15: 1400000 | D15: =C15/1000*1200 -> 1680000 | E15: 50000 | F15: =(D15+E15)/4 -> 432500 | G15: =((D15+E15)/1000*20)+10000+J15 -> 47600 | H15: 12000 | I15: 20000 | J15: 3000 | K15: =F15+H15+I15+J15 -> 467500 | L15: =K15*4 -> 1870000
A16: 13 | B16: COLOMBIA UC02 | C16: 1620000 | D16: =C16/1000*1200 -> 1944000 | E16: 50000 | F16: =(D16+E16)/4 -> 498500 | G16: =((D16+E16)/1000*20)+10000+J16 -> 52880 | H16: 12000 | I16: 20000 | J16: 3000 | K16: =F16+H16+I16+J16 -> 533500 | L16: =K16*4 -> 2134000
A17: 14 | B17: KENYA | C17: 610000 | D17: =C17/1000*1200 -> 732000 | E17: 40000 | F17: =(D17+E17)/4 -> 193000 | G17: =((D17+E17)/1000*20)+10000+J17 -> 28440 | H17: 12000 | I17: 20000 | J17: 3000 | K17: =F17+H17+I17+J17 -> 228000 | L17: =K17*4 -> 912000
A19: CHÚ THÍCH:
A20: 1 | B20: Đóng gói | C20: Hộp giấy
A21: 2 | B21: Ấn phẩm kèm | C21: Bao gồm design, tem nhãn, name card, decal mã đơn

Sheet PHÍ SHIP
A2: ĐƠN >= 10KG: | B2: FREE SHIP
A3: ĐƠN <10KG
B4: TRONG NGÀY | D4: HỎA TỐC | F4: VIETTEL POST
B5: KHÁCH | C5: TRỢ GIÁ | D5: KHÁCH | E5: TRỢ GIÁ | F5: KHÁCH | G5: TRỢ GIÁ
A6: 0 - 5KM | B6: 20000 | C6: 10000 | D6: 35000 | E6: 15000 | F6: 18000 | G6: 0
A8: 6 - 10KM | B8: 35000 | C8: 15000 | D8: 50000 | E8: 15000 | F8: 25000 | G8: 10000
A10: >10KM - 15KM | B10: 70000 | C10: 10000 | D10: 90000 | E10: 20000 | F10: 30000 | G10: 10000
A12: >15KM | F12: 40000 | G12: PHẦN CÒN LẠI

Sheet T08
A1: TỔNG SẢN PHẨM BÁN
A2: STT | B2: SẢN PHẨM | C2: GIÁ VỐN | D2: SHOPEE | E2: WEB
A3: 1 | B3: ROBUSTA NATURAL | C3: ='GIÁ VỐN'!$K$4 -> 77750 | D3: 1
A4: 2 | B4: ROBUSTA HONEY | C4: ='GIÁ VỐN'!$K$5 -> 98750 | D4: 5
A5: 3 | B5: ARABICA VN | C5: ='GIÁ VỐN'!$K$6 -> 107750
A6: 4 | B6: ETHIOPIA YIRGACHEFFE | C6: ='GIÁ VỐN'!$K$7 -> 192000 | D6: 2
A7: 5 | B7: ETHIOPIA GUJI | C7: ='GIÁ VỐN'!$K$8 -> 225000
A8: 6 | B8: BRAZIL | C8: ='GIÁ VỐN'!$K$9 -> 126000 | D8: 1
A9: 7 | B9: PERU | C9: ='GIÁ VỐN'!$K$10 -> 132000
A10: 8 | B10: SWEET LOVE | C10: ='GIÁ VỐN'!$K$11 -> 118500
A11: 9 | B11: DAILY MUSE | C11: ='GIÁ VỐN'!$K$12 -> 109500
A12: 10 | B12: COZY | C12: ='GIÁ VỐN'!$K$13 -> 115500 | D12: 1
A13: 11 | B13: GENTLE BREW | C13: ='GIÁ VỐN'!$K$14 -> 129000
A14: 12 | B14: PERU GESHA | C14: ='GIÁ VỐN'!$K$15 -> 467500
A15: 13 | B15: COLOMBIA UC02 | C15: ='GIÁ VỐN'!$K$16 -> 533500
A16: 14 | B16: KENYA | C16: ='GIÁ VỐN'!$K$17 -> 228000 | D16: 1
A18: BÁO CÁO DOANH THU SHOPEE
A19: STT | B19: MÃ ĐƠN | C19: SẢN PHẨM | D19: TỔNG ĐƠN | E19: THỰC NHẬN | F19: GIÁ VỐN | G19: LỢI NHUẬN | H19: CHI PHÍ KHÁC | J19: CHIẾT KHẤU 20%
A20: 1 | B20: 2608138U230BMR | C20: ROBUSTA HONEY | D20: 290000 | E20: 268610 | F20: =C4*2 -> 197500 | G20: =E20-F20 -> 71110 | H20: NẠP TK SHOPEE | I20: 108000 | J20: =(G35-H35)*20% -> 61274
A21: 2 | B21: 2608138URSQS5C | C21: ROBUSTA HONEY | D21: 150000 | E21: 128280 | F21: =C4 -> 98750 | G21: =E21-F21 -> 29530
A22: 3 | B22: 260814BFRQHGTY | C22: ROBUSTA NATURAL | D22: 695000 | E22: 605264 | F22: =C3+C4+C12+C6 -> 484000 | G22: =E22-F22 -> 121264
C23: ROBUSTA HONEY
C24: COZY
C25: ETHI YIRGACHEFFE
A26: 4 | B26: 260815E1H9A6FM | C26: ETHI YIRGACHEFFE | D26: 250000 | E26: 217900 | F26: =C6 -> 192000 | G26: =E26-F26 -> 25900
A27: 5 | B27: 260815EMWRQVT0 | C27: KENYA | D27: 394000 | E27: 343027 | F27: =C16+'GIÁ VỐN'!G16 -> 280880 | G27: =E27-F27 -> 62147
C28: COLOMBIA SAMPLE
A29: 6 | B29: 260816H90WJ9S4 | C29: ROBUSTA HONEY | D29: 350000 | E29: 311900 | F29: =C8+C4 -> 224750 | G29: =E29-F29 -> 87150
C30: BRAZIL
A31: 7 | B31: 260819R1FCV11M | C31: PERU SAMPLE | D31: 347800 | E31: 245269 | F31: =C16 -> 228000 | G31: =E31-F31 -> 17269
C32: KENYA
G33: =E33-F33 -> 0
D35: =SUM(D20:D34) -> 2476800 | E35: =SUM(E20:E34) -> 2120250 | F35: =SUM(F20:F34) -> 1705880 | G35: =SUM(G20:G34) -> 414370 | H35: =SUM(I20:I34) -> 108000
E37: =E35/D35 -> 0.85604409 | F37: =F35/E35 -> 0.8045655 | G37: =G35/E35 -> 0.1954345

Sheet T09
A1: TỔNG SẢN PHẨM BÁN
A2: STT | B2: SẢN PHẨM | C2: GIÁ VỐN | D2: SHOPEE | E2: WEB
A3: 1 | B3: ROBUSTA NATURAL | C3: ='GIÁ VỐN'!$K$4 -> 77750
A4: 2 | B4: ROBUSTA HONEY | C4: ='GIÁ VỐN'!$K$5 -> 98750
A5: 3 | B5: ARABICA VN | C5: ='GIÁ VỐN'!$K$6 -> 107750
A6: 4 | B6: ETHIOPIA YIRGACHEFFE | C6: ='GIÁ VỐN'!$K$7 -> 192000
A7: 5 | B7: ETHIOPIA GUJI | C7: ='GIÁ VỐN'!$K$8 -> 225000
A8: 6 | B8: BRAZIL | C8: ='GIÁ VỐN'!$K$9 -> 126000 | E8: 1
A9: 7 | B9: PERU | C9: ='GIÁ VỐN'!$K$10 -> 132000 | E9: 1
A10: 8 | B10: SWEET LOVE | C10: ='GIÁ VỐN'!$K$11 -> 118500
A11: 9 | B11: DAILY MUSE | C11: ='GIÁ VỐN'!$K$12 -> 109500
A12: 10 | B12: COZY | C12: ='GIÁ VỐN'!$K$13 -> 115500
A13: 11 | B13: GENTLE BREW | C13: ='GIÁ VỐN'!$K$14 -> 129000
A14: 12 | B14: PERU GESHA | C14: ='GIÁ VỐN'!$K$15 -> 467500
A15: 13 | B15: COLOMBIA UC02 | C15: ='GIÁ VỐN'!$K$16 -> 533500
A16: 14 | B16: KENYA | C16: ='GIÁ VỐN'!$K$17 -> 228000
A18: TỔNG HỢP ĐƠN
A19: STT | B19: MÃ ĐƠN | C19: SẢN PHẨM | D19: TỔNG ĐƠN | E19: THỰC NHẬN | F19: GIÁ VỐN | G19: LỢI NHUẬN | H19: CHI PHÍ TRỪ | J19: CHIẾT KHẤU 20%
A20: 1 | B20: 13G--57-A6 | C20: BRAZIL | D20: 334100 | E20: 301100 | F20: =C8+C9 -> 258000 | G20: =E20-F20 -> 43100 | H20: SHIP | I20: 33000 | J20: =20%*G35 -> 8620
C21: PERU
D35: =SUM(D20:D34) -> 334100 | E35: =SUM(E20:E34) -> 301100 | F35: =SUM(F20:F34) -> 258000 | G35: =SUM(G20:G34) -> 43100 | H35: =SUM(I20:I34) -> 33000
E37: =E35/D35 -> 0.90122718 | F37: =F35/E35 -> 0.85685819 | G37: =G35/E35 -> 0.14314181
